হুক_নাম,ক্যাটেগরি,প্ল্যাটফর্ম,ফরম্যাট,টার্গেট_অডিয়েন্স,টোন,কপি_বাংলায়,ভিজুয়াল_সাজেশন,কিভাবে_বলা
লুডো রিকোয়ারি ড strict এর আগে দেখে নাও!,প্রকাশক,ফেসবুক,রี霖,১৮-২৫,রোমাঞ্ছন,জেন বন্ধুর রেকর্ড ১২৫০ বাড়ি! আজ নিজেও চেষ্টা করো দেখো কেমন হয়!,মোবাইল রেকর্ডিং + গেমপ্লে শর্ট,চ'Alam আগে টেকস্ট শো করো
৩ মিনিটে ২০০ স্কোর! কিন্তু কিভাবে?,কৌতূহল,ফেসবুক,রিল,২৫-৩৫,জিজ্ঞাসা,ঢাকার তরুণ ভাইরাল লুডো ট্রিক দেখবে আজ! শেরপুর সিদ্দিকীর স্ট্র্যাটেজি শেয়ার করল,ফাস্ট ক্যাট + স্ক্রিন গেম রেকর্ড,শুরুতে কনটেক্ট করে বলো
চ্যালেঞ্জ ট্যাগ কর!,প্রকASAN,ফেসবুক,ফিড,১৬+,প্রতিযোগিতা,##চ্যালেঞ্জ সবাইকে! আজ রাতে আজকের ম্যাচে অংশ নাও! ওই ίন্টারফেসে ကြီးမှာ আয় ৫০০+!,শর্ট রেকর্ড + হাইলাইট রিল,প্রতিযোগিতামূলক স্পিরিটে বলো
লুডো দিয়ে ১৫০০! আজ ৫০০০ নিশ্চিত!,সম্পূর্ণ_v1,ফেসবুক,ক্যারোসেল,১৮-২৯,আশ্চর্যজনক,ক্যামেরা রোল/**—_আজকের আয় ৫০০০! তবে একটি শর্ত আছে— vous দেখতে হবে how,গেম রেকর্ড + ব্যালেন্স স্কিন,সন্দেহমুক্ত সিদ্ধান্তে বলো
লুডো স্ট্র্যাটেজি বাংলা গাইড!,শিক্ষামূলক,ফেসবুক,ফিড,২৫-৩৫,শিক্ষামূলক,লুডো খেলার পুরো স্ট্যাটেজি বাংলায়! দারুন সূত্র শিখো আজই,অ্যানিমেশন + স্ক্রিনশট + গাইড,শিখার আগ্রহ ধর করে বলো
সকাল ৯টা লুডো শুভ সকাল?,লাইফস্টাইল,ফেসবুক,ফিড,২৫-৪০,রোমাঞ্চিত,বাংলাদেশি সবচেয়ে ভাল অভ্যাস! সকাল নাস্তা = লুডো লুডো = ইনকাম,লাইফস্টাইল শট + গেম স্ক্রিন,কালো忽然 থেকে বলো
আপনার স্ট্র্যাটেজি কেমন? দেখুন ৭৭% হার!,ইঙ্গিত,ফেসবুক,ক্যারোসেল,১৮-২৫,আগ্রহ,আমার স্ট্র্যাটেজির ফল ৭৭%! বাকি ২৩% শুধু! আজ জিতলাম,ম্যাচ রেকর্ড + ওভারলে রেজাল্ট,দেখার জন্য আরও বলো
বন্ধুর বাবা আজ পুরস্কার ৬০০০!,এমোশনাল,ফেসবুক,ক্যারোসেল,২৫-৪৫,গর্বিত,গতকাল বন্ধুর বাবা আজকের পুরস্কার ৬০০০! দেরি করে তাড়া দেব?,ফ্যামিলি রেকর্ড + পুরস্কার আনবক্স,বন্ধুদের সাথে শেয়ার করার শহretto
২৪ ঘণ্টা ঘুম নাই! আজ রাতে যত!,হাস্য/প্রচার,ফেসবুক,রিল,১৮-২৯,মজার,২৪ ঘণ্টা ঘুম নাই! আজ রাতে যত! লুডো ম্যাচ দিয়েই সময় কাটLo,স্ক্রিন রেকর্ড + ফাস্ট ম্যাচ,রিভার্জ মোডে বলো
শিক্ষা দাও আমি ৫০০ জন শিক্ষিত করলাম!,কোচিং,ফেসবুক,ফিড,১৮-৩৫,উৎসাহ,আজ থেকে আমি লুডো শেখাচ্ছি! সবাইকে শেখাতে চাই! শেখতে চাইলে যোগ দাও,টেক্সট + গাইড + লাইভ রুম,চার্চ করতে চাইলে বলো
৫০০ সদস্য ক্লাব!,কমিউনিটি,ফেসবুক,রিল,১৮-৩৫,বিশ্বস্ত,আমি ৫০০ জন শিক্ষিত করলাম! তাদের ৫০০ জন এভার এইভারে?,সাইডবার + স্ট্যাট + প্রগ্রেস,রিচ রিঅ্যাকশন চাইলে বলো
চতুরদের জন্য আলাদা স্পেস!,অভিজ্ঞতা,ফেসবুক,ফিড,২৫-৪০,প্রশংসামূলক,সবাই কিং খেলে কিন্তু এখানে এডভান্স! দ্রুত গেম অভিজ্ঞরা জানেন,পারফরম্যান্স গেজ + স্পিড রেকর্ড,টেস্টিমোনিয়াল হিসেবে বলো
আজ ১০০০ নতুন প্লেয়ার প্রবেশ!,এফওএমও,ফেসবুক,রিল,১৮-২৯,অত্যধিক,৩০ সেকেন্ডে ১০০০ পার্ট.? লুডোল্যান্ড সবাইকে দেখায় আজই নাও,কাউন্টডাউন + অ্যানিমেশন,রেজিস্ট্রেশন ড্রাইভে বলো
৯০০০ অ্যাড ব্যালেন্স যেন দেখি!,অ্যাওয়েসম,ফেসবুক,ক্যারোসেল,১৮-৩৫,আশ্চর্যজনক,ভাইরাল ছবিতে ৯০০০ এড! আজ যোগ দাও লুডোল্যান্ডে,ড্যাশবোর্ড স্ক্রিনশট + রেকর্ড,স奠\in联系 deaktiv
গ্রামের বাবা লুডো দেরি করলে উঠে!,হাস্য,ফেসবুক,রিল,২০-৩৫,মজার,গ্রামের বাবা লুডো দেরি করলে বন্ধুর বাবা উঠে! আজ রাতে অরাবিন,গ্রামীন বাংলা কনটেন্ট + গল্প,ভিডিও ভাইরাল করতে বলো
লুডো শেখার পুরো গাইড!,টিউটোরিয়াল,ফেসবুক,ফিড,১৬+,শিক্ষামূলক,বাংলাদেশে সবচেয়ে ভাল গাইড! লুডো শিখো দ্রুত! সবাই শেখা যাবে,ভিডিও + গাইড + সাবটাইটেল,লং-ফর্ম ভিডিওতে বলো
২৬ মার্চ স্পেশাল অফার!,উৎসব,ফেসবুক,ফিড,১৮-৩৫,উত্সবী,২৬ মার্চের নিশ্চিত অফার! আজ লুডোল্যান্ডে যোগ দাও! অঢেল বোনাস নাও,ফেস্টিভল থিম + পতাকা সামগ্রী,পিক ড্রাইভে বাংলায় বলো
৫০০০ প্লেয়ার রেজিস্ট্রেশন!,সোশ্যাল প্রুফ,ফেসবুক,ক্যারোসেল,১৮-৩৫,পোশন,আজ ৫০০০ তরুণ রেজিস্ট্রেশন! বাংলাদেশে সবাইকে সুযোগ,ইনফোগ্রাফিক + কাউন্ট + ম্যাচ রিপোর্ট,সামাজিক প্রমাণ দিয়ে বলো
বাংলাদেশির নতুন পরিচয়!,ব্র্যান্ডিং,ফেসবুক,ফিড,২৫-৩৫,অভিজ্ঞ,বাংলাদেশ তরুণের আধুনিক প্রতীক! এখানে নতুন স্পিড ও স্ট্র্যাটেজি,এইচডি থাম্বনেইল + বাংলাদেশ প্রতীক,পজিশনিং বানিয়ে বলো
মোবাইলে দেরি নাকি নেটওয়ার্ক?,টেকনিক্যাল,ফেসবুক,ক্যারোসেল,১৫-২৫,শিক্ষামূলক,মোবাইলে ভাল পারফরম্যান্স! গেম দেরি? তাহলে bounce নম্বর দিয়েই দেখো,স্পিড টেস্ট + পারফরম্যান্স গেজ,অপ্টিমাইজেশন দেখিয়ে বলো
ম্যাচ রেকর্ড দেখতে চাই? দেখ!,ইউজার জেনারেটেড,ফেসবুক,ক্যারোসেল,১৮-৩৫,প્રোমো,হাতে থাকলে ম্যাচ রেকর্ড! ক্লায়েন্ট সিদ্ধান্ত নিশ্চিত!,ভিডিও থাম্ব + ম্যাচ হাইলাইট,ভিডিও কনটেন্ট শেয়ার করে বলো
লাইভ চ্যালেঞ্জ আজ রাতে!,লাইভ ইভেন্ট,ফেসবুক,ক্যারোসেল,১৮-২৯,উৎসাহ,লাইভ ম্যাচ আজ রাতে! শুধু পুরস্কারপ্রাপ্ত! শেয়ার করো,লাইভ থাম্ব + রেজিস্ট্রেশন বাতbergen,লাইভ প্রমো শুদুমাত্র বাংলায় বলো
আজ রাতে সবচেয়ে বড় ম্যাচ!,স্পেশাল ইভেন্ট,ফেসবুক,ক্যারোসেল,২০-৩৫,উৎসাহ/আশ্চর্যজনক,আজ রাতে সবচেয়ে বড় ম্যাচ! বাংলাদেশ স্ট্যাটাস,ম্যাচ ক্যাপচার + টেক্সট ওভারলে,ইউজার কনটেন্ট শেয়ার করে বলো
নতুন দিন নতুন ম্যাচ সুযোগ!,প্রচার,ফেসবুক,ফিড/ক্যারোসেল,১৮-৩৫,উৎসাহ,নতুন দিন নতুন সুযোগ! আজ লুডোল্যান্ডে যোগ দাও! অঢেল বোনাস,অ্যাডভার্ট + অ্যাপ ইন্ট্রো ট্রল,দিনশেষের পোস্টে বাংলায় বলো
১০০+ ডাউনলোড! সবাই দেরি করছে!,প্রচার,ফেসবুক,ক্যারোসেল,১৫-২৯,প্রসারিত,বাংলাদেশি তরুণরা লুডো আমলে নিয়েছে! সবাই দেরি করছে,অ্যাপ শট + মোবাইল গেমিং কনটেন্ট,ফার্স্ট কনটেন্টের মাধ্যমে বাংলায় বলো
লুডো শেখার পুরো গাইড লডিঙ্গ...,টিউটোরিয়াল,ফেসবুক,ক্যারোসেল,১৬+,শিক্ষামূলক,বাংলাদেশে সবচেয়ে ভাল গাইড! লুডো শিখো দ্রুত!,ভিডিও + গাইড + সাবটাইটেল,লং-ফর্মে বাংলায় বলো
লুডো অ্যাপ ক্যালেন্ডার! আজ স্পেশাল ম্যাচ!,ইভেন্ট,ফেসবুক,ক্যারোসেল,২৫-৩৫,আসন্ন,আজকের স্পেশাল ম্যাচ! লুডোল্যান্ডে আজ ৫০০ জন অফার!,ক্যালেন্ডার + টাইমার,বার্তা সূচনা শুদুমাত্র বাংলায় বলো
শুধুমাত্র পারফরম্যান্সের মেধা!,প্রভাবশালী,ফেসবুক,ফিড,১৮-৩৫,অভিজ্ঞ,প্রতিযোগিতামূলক মৌল! বড় খেলোয়াড়! বাংলাদেশ স্ট্যান্ড!,র‍্যাঙ্কিং + ক্রিকেটার কম্পেরিজন,কমনিটি বিল্ডিং বাংলায় বলো
ভাইরাল ছবিতে দেখ! বাংলাদেশ তরুণের লুডো!,প্রচার,ফেসবুক,ক্যারোসেল,১৮-২৫,প্রকৃতময়,যেই তরুণরা এখানে আসে! প্রমোশন! বাংলাদেশ লুডো সবচেয়ে ভাল,ভাইরাল ভিডিও + প্রুফ,কনটেন্ট স্প্রেড শুদুমাত্র বাংলায় বলো
লুডো রিলigion রিলigion দেখ! ম্যাচ জিৎ!,এমোশনাল,ফেসবুক,রিল,১৮-২৯,উৎসাহ,ম্যাচ জিতলে আনন্দের মূর্ছনা! বাংলাদেশি তরুণের আবেগ,রিলigion রিলigion শট,য._dirty দেখান
ক্যাম্পেইন কম钓র কেমন ∞ উঠে?,আইকনিক,ফেসবুক,রিল,২৫-৩৫,আগ্রহ,ক্যাম্পেইন কম钓র কেমন ∞ উঠে? দেখ! বাংলাদেশে লুডো+অ্যাপ ইনস্টল,ট্র্যাকিং স্ক্রিনশট + অ্যাপ স্টোর প্রুফ,ইনস্টল চাইলে বাংলায় বলো
প্রথম সুযোগ নাও আজ!,এফওএমও,ফেসবুক,ফিড,১৬+,অত্যধিক,প্রথম manifested সুযোগ নাও আজ! ৫০০+ এভার এভার,কাউন্টডাউন + স্পেশাল অফার,নতুনদের জন্য বাংলায় বলো
কেমন হয় লুডো তরুণ Target?,ইঞ Brian,ফেসবুক,রিল,২৫-৩৫,আশ্চর্যজনক,কেমন হয় লুডো তরুণ Target? দেখ! লুডোল্যান্ডে আর্টিফিশিয়াল স্মার্ট সল্যুশন,ক্যামেরা ইন্টারফেস + বট বিজ্ঞাপন,টেকনিক্যাল ফিচারে বাংলায় বলো
সেন্সিটিভ লুডো Azerbaijan!,অভিজ্ঞতা,ফেসবুক,ফিড,১৮-২৯,বিশ্বস্ত,সেন্সিটিভ লুডো Azerbaijan! সবাইকে বিশেষ সুবিধা,পারফরম্যান্স রিপোর্ট + প্রগ্রেস স্ট্যাটাস,টেস্টিমোনিয়াল শেয়ার করে বাংলায় বলো
@১২:০০pm লাইভ ম্যাচ শুধু আজ!,লাইভ ইভেন্ট,ফেসবুক,রিল,১৮-৩৫,উৎসাহ,@১২:০০pm লাইভ ম্যাচ শুধু আজ! পুরস্কারпрাপ্ত শেয়ার করো,লাইভ থাম্ব + রিজিস্টারেশন বাটন,লাইভ সেসনের জন্য বাংলায় বলো
ক্যাম্পেইন প্রমোশন চেক! বিজয়ীর ভিডিও,প্রচার,ফেসবুক,ক্যারোসেল,১৮-২৯,প্রসারিত,ক্যাম্পেইন প্রমোশন চেক! বিজয়ীর ভিডিও শেয়ার করো,ভিডিও থাম্ব + স্টোরি রিভিউ,ভিডিও স্প্রেড শুদুমাত্র বাংলায় বলো
খেলা শেষে মূল্যায়ন! bal天天 Hamas,প্রচার,ফেসবুক,রিল,২৫-৩৫,হাস্য,খেলা শেষে মূল্যায়ন! bal天天 Hamas আজ রাতে,ম্যাচ রাসultats + ওভারভিউ,রিলigion শট
লুডো অ্যাপ রিওয়ার্ড চেক!,ইভেন্ট,ফেসবুক,ফিড,১৫-২৫,উৎসাহ,লুডো অ্যাপ রিওয়ার্ড চেক! আজকের পুরস্কার ৫০০ এভার,অ্যাপ স্ক্রিনশট + রিওয়ার্ড ট্র্যাক,ব[_TOKEN তাকে পুরস্কারের জন্য বাংলায় বলো
লুডো স্ক্রিন রেকর্ড শেয়ার করুন!,ইউজার জেনারেটেড,ফেসবুক,রিল,১৮-৩৫,প্রকৃতময়,লুডো স্ক্রিন রেকর্ড শেয়ার করুন! বাংলাদেশি তরুণদের জন্য,স্পিড স্ট্র্যাটেজি + ম্যাচ রেকর্ড,শেয়ার চ্যালেঞ্জ শুদুমাত্র বাংলায় বলো
টার্নামেন্ট রেজিস্ট্রেশন শেষ!,টার্নামেন্ট,ফেসবুক,ফিড,১৮-৩৫,Competitive,টার্নামেন্ট রেজিস্ট্রেশন শেষ! আজ রাতে খেলো ৫০০০ BDT?,লিডারবোর্ড + রেজিস্ট্রেশন ফ্লো,রেজিস্ট্রেশনের জন্য বাংলায় বলো
লুডো অ্যাপ স্টোর রিভিউ দেখFeel!,প্রচার,ফেসবুক,রিল,১৮-২৯,বিশ্বস্ত,বাংলাদেশি প্লেয়ার রিভিউ দেখFeel! আশ্চর্যজনক তবে সত্যিই,রিভিউ স্ক্রিন + অ্যাপ স্টোর প্রূফ,আস্থা বিনিময় 위해 বাংলায় বলো
লুডো অ্যাপ টিউটোরিয়াল দেখুন আজ!,টিউটোরিয়াল,ফেসবুক,ক্যারোসেল,১৫-২৫,শিক্ষামূলক,লুডো অ্যাপ টিউটোরিয়াল দেখুন আজ! নতুন খেলোয়াড়দের জন্য,,টিউটোরিয়াল ভিডিও + গাইড,শিখতে চাইলে বাংলায় বলো
স্পেশাল ভিডিও দেখ! আজ রাতে লুডো!,প্রচার,ফেসবুক,রিল,১৮-২৯,উৎসাহ,স্পেশাল ভিডিও দেখ! আজ রাতে লুডো ম্যাচ লাইভ! প্রমোশন,ভিডিও থাম্ব + লাইভ লিঙ্ক,লাইভ দেখতে বাংলায় বলো
লুডো অ্যাপ রিলিজ ন-supported!,প্রচার,ফেসবুক,রিল,১৫-২৯,স্পেশাল,লুডো অ্যাপ রিলিজ ন-supported! আজকের নতুন ফিচার দেখুন,অ্যাপ শট + feature highlight,নতুন ফিচার শেয়ার করে বাংলায় বলো
